Workbook

Sheet KHL
A1: Начальный банк | B1: =Настройки!B2 -> 10000 | D1: Ставок всего | E1: =COUNTIFS($K$8:$K$1000,"ВИРТУАЛЬНЫЙ ВЫБОР") -> 1 | G1: Средний EV при входе | H1: =IFERROR(AVERAGEIFS($U$8:$U$1000,$K$8:$K$1000,"ВИРТУАЛЬНЫЙ ВЫБОР"),"") -> 0.06496
A2: Текущий банк | B2: =B1+SUM($AA$8:$AA$1000) -> 10162 | D2: ✅ Зашло | E2: =COUNTIFS($K$8:$K$1000,"ВИРТУАЛЬНЫЙ ВЫБОР",$Z$8:$Z$1000,"✅ ЗАШЛО")+COUNTIFS($K$8:$K$1000,"ВИРТУАЛЬНЫЙ ВЫБОР",$Z$8:$Z$1000,"½ ЗАШЛО") -> 1 | G2: Средний CLV | H2: =IFERROR(AVERAGEIFS($AD$8:$AD$1000,$K$8:$K$1000,"ВИРТУАЛЬНЫЙ ВЫБОР"),"") -> 0.050505051
A3: P&L | B3: =SUM($AA$8:$AA$1000) -> 162 | D3: ❌ Не зашло | E3: =COUNTIFS($K$8:$K$1000,"ВИРТУАЛЬНЫЙ ВЫБОР",$Z$8:$Z$1000,"❌ НЕ ЗАШЛО")+COUNTIFS($K$8:$K$1000,"ВИРТУАЛЬНЫЙ ВЫБОР",$Z$8:$Z$1000,"½ НЕ ЗАШЛО") -> 0 | G3: Доля CLV > 0 | H3: =IFERROR(COUNTIFS($K$8:$K$1000,"ВИРТУАЛЬНЫЙ ВЫБОР",$AD$8:$AD$1000,">0")/COUNTIFS($K$8:$K$1000,"ВИРТУАЛЬНЫЙ ВЫБОР",$AD$8:$AD$1000,"<>"),"") -> 1
A4: Оборот (рассчитано) | B4: =SUM($AB$8:$AB$1000) -> 150 | D4: Возврат / отмена | E4: =COUNTIFS($K$8:$K$1000,"ВИРТУАЛЬНЫЙ ВЫБОР",$Z$8:$Z$1000,"ВОЗВРАТ")+COUNTIFS($K$8:$K$1000,"ВИРТУАЛЬНЫЙ ВЫБОР",$Z$8:$Z$1000,"ОТМЕНА") -> 0 | G4: Brier (бинарные) | H4: =IFERROR(AVERAGE($AE$8:$AE$1000),"") -> 0.238144
A5: Yield | B5: =IF(B4=0,"",B3/B4) -> 1.08 | D5: В игре | E5: =COUNTIFS($K$8:$K$1000,"ВИРТУАЛЬНЫЙ ВЫБОР",$Z$8:$Z$1000,"ОЖИДАНИЕ")+COUNTIFS($K$8:$K$1000,"ВИРТУАЛЬНЫЙ ВЫБОР",$Z$8:$Z$1000,"") -> 0 | G5: Макс. просадка | H5: =MAX($AR$8:$AR$1000) -> 0
A6: Доверять yield можно только при сотнях ставок; раньше смотрите на CLV и Brier. Строка 8 — пример, удалите её перед работой.
A7: ID матча | B7: Дата | C7: Время МСК | D7: Хозяева | E7: Гости | F7: Cutoff | G7: Версия | H7: Рынок | I7: Линия | J7: Выбор | K7: Решение | L7: p_win | M7: p_push | N7: p_loss | O7: Fair кэф | P7: Коэффициент | Q7: Букмекер | R7: Время котировки | S7: q_market | T7: Преимущество | U7: EV | V7: EV_low | W7: Ставка | X7: Счёт 60м | Y7: Счёт итог | Z7: Результат | AA7: P&L | AB7: Оборот | AC7: Кэф закрытия | AD7: CLV | AE7: Brier | AF7: λ хозяев | AG7: λ гостей | AH7: П1 60м | AI7: Х 60м | AJ7: П2 60м | AK7: Проверка П1+Х+П2 | AL7: Поб1 ОТ/Б | AM7: Диапазон П1 (10–90%) | AN7: Ограничения | AO7: URL котировки / снимок | AP7: Разбор после матча | AQ7: P&L нарастающий | AR7: Просадка
A8: ПРИМЕР-удалить | B8: 02.10.2026 | C8: 19:30 | D8: Команда А | E8: Команда Б | F8: 02.10.2026 13:00 MSK | G8: v2.0 | H8: 1x2_60 | I8: 0 | J8: 1 | K8: ВИРТУАЛЬНЫЙ ВЫБОР | L8: 0.512 | M8: 0 | N8: 0.488 | O8: =IF(OR(L8="",L8=0),"",(1-M8)/L8) -> 1.953125 | P8: 2.08 | Q8: БК | R8: 02.10.2026 12:55 | S8: 0.468 | T8: =IF(OR(S8="",L8=""),"",L8/(1-M8)-S8) -> 0.044 | U8: =IF(OR(L8="",P8=""),"",L8*(P8-1)-N8) -> 0.06496 | V8: 0.021 | W8: 150 | X8: 3:1 | Y8: 3:1 | Z8: ✅ ЗАШЛО | AA8: =IF(K8<>"ВИРТУАЛЬНЫЙ ВЫБОР","",IF(Z8="✅ ЗАШЛО",W8*(P8-1),IF(Z8="❌ НЕ ЗАШЛО",-W8,IF(Z8="½ ЗАШЛО",W8*(P8-1)/2,IF(Z8="½ НЕ ЗАШЛО",-W8/2,IF(Z8="ВОЗВРАТ",0,"")))))) -> 162 | AB8: =IF(AND(K8="ВИРТУАЛЬНЫЙ ВЫБОР",OR(Z8="✅ ЗАШЛО",Z8="❌ НЕ ЗАШЛО",Z8="½ ЗАШЛО",Z8="½ НЕ ЗАШЛО",Z8="ВОЗВРАТ")),W8,"") -> 150 | AC8: 1.98 | AD8: =IF(OR(AC8="",P8=""),"",P8/AC8-1) -> 0.050505051 | AE8: =IF(AND(M8=0,OR(Z8="✅ ЗАШЛО",Z8="❌ НЕ ЗАШЛО"),L8<>""),(L8-IF(Z8="✅ ЗАШЛО",1,0))^2,"") -> 0.238144 | AF8: 2.95 | AG8: 2.31 | AH8: 0.512 | AI8: 0.214 | AJ8: 0.274 | AK8: =IF(AH8="","",IF(ABS(AH8+AI8+AJ8-1)<0.000001,"OK","ОШИБКА")) -> OK | AL8: 0.622 | AM8: 0.47–0.55 | AN8: вратарь гостей — вероятно | AO8: ссылка на страницу линии / файл bets_*.csv | AQ8: =IF(A8="","",N(0)+N(AA8)) -> 162 | AR8: =IF(AQ8="","",MAX(0,MAX($AQ$8:AQ8))-AQ8) -> 0
O9: =IF(OR(L9="",L9=0),"",(1-M9)/L9) | T9: =IF(OR(S9="",L9=""),"",L9/(1-M9)-S9) | U9: =IF(OR(L9="",P9=""),"",L9*(P9-1)-N9) | AA9: =IF(K9<>"ВИРТУАЛЬНЫЙ ВЫБОР","",IF(Z9="✅ ЗАШЛО",W9*(P9-1),IF(Z9="❌ НЕ ЗАШЛО",-W9,IF(Z9="½ ЗАШЛО",W9*(P9-1)/2,IF(Z9="½ НЕ ЗАШЛО",-W9/2,IF(Z9="ВОЗВРАТ",0,"")))))) | AB9: =IF(AND(K9="ВИРТУАЛЬНЫЙ ВЫБОР",OR(Z9="✅ ЗАШЛО",Z9="❌ НЕ ЗАШЛО",Z9="½ ЗАШЛО",Z9="½ НЕ ЗАШЛО",Z9="ВОЗВРАТ")),W9,"") | AD9: =IF(OR(AC9="",P9=""),"",P9/AC9-1) | AE9: =IF(AND(M9=0,OR(Z9="✅ ЗАШЛО",Z9="❌ НЕ ЗАШЛО"),L9<>""),(L9-IF(Z9="✅ ЗАШЛО",1,0))^2,"") | AK9: =IF(AH9="","",IF(ABS(AH9+AI9+AJ9-1)<0.000001,"OK","ОШИБКА")) | AQ9: =IF(A9="","",N(AQ8)+N(AA9)) | AR9: =IF(AQ9="","",MAX(0,MAX($AQ$8:AQ9))-AQ9)
O10: =IF(OR(L10="",L10=0),"",(1-M10)/L10) | T10: =IF(OR(S10="",L10=""),"",L10/(1-M10)-S10) | U10: =IF(OR(L10="",P10=""),"",L10*(P10-1)-N10) | AA10: =IF(K10<>"ВИРТУАЛЬНЫЙ ВЫБОР","",IF(Z10="✅ ЗАШЛО",W10*(P10-1),IF(Z10="❌ НЕ ЗАШЛО",-W10,IF(Z10="½ ЗАШЛО",W10*(P10-1)/2,IF(Z10="½ НЕ ЗАШЛО",-W10/2,IF(Z10="ВОЗВРАТ",0,"")))))) | AB10: =IF(AND(K10="ВИРТУАЛЬНЫЙ ВЫБОР",OR(Z10="✅ ЗАШЛО",Z10="❌ НЕ ЗАШЛО",Z10="½ ЗАШЛО",Z10="½ НЕ ЗАШЛО",Z10="ВОЗВРАТ")),W10,"") | AD10: =IF(OR(AC10="",P10=""),"",P10/AC10-1) | AE10: =IF(AND(M10=0,OR(Z10="✅ ЗАШЛО",Z10="❌ НЕ ЗАШЛО"),L10<>""),(L10-IF(Z10="✅ ЗАШЛО",1,0))^2,"") | AK10: =IF(AH10="","",IF(ABS(AH10+AI10+AJ10-1)<0.000001,"OK","ОШИБКА")) | AQ10: =IF(A10="","",N(AQ9)+N(AA10)) | AR10: =IF(AQ10="","",MAX(0,MAX($AQ$8:AQ10))-AQ10)
O11: =IF(OR(L11="",L11=0),"",(1-M11)/L11) | T11: =IF(OR(S11="",L11=""),"",L11/(1-M11)-S11) | U11: =IF(OR(L11="",P11=""),"",L11*(P11-1)-N11) | AA11: =IF(K11<>"ВИРТУАЛЬНЫЙ ВЫБОР","",IF(Z11="✅ ЗАШЛО",W11*(P11-1),IF(Z11="❌ НЕ ЗАШЛО",-W11,IF(Z11="½ ЗАШЛО",W11*(P11-1)/2,IF(Z11="½ НЕ ЗАШЛО",-W11/2,IF(Z11="ВОЗВРАТ",0,"")))))) | AB11: =IF(AND(K11="ВИРТУАЛЬНЫЙ ВЫБОР",OR(Z11="✅ ЗАШЛО",Z11="❌ НЕ ЗАШЛО",Z11="½ ЗАШЛО",Z11="½ НЕ ЗАШЛО",Z11="ВОЗВРАТ")),W11,"") | AD11: =IF(OR(AC11="",P11=""),"",P11/AC11-1) | AE11: =IF(AND(M11=0,OR(Z11="✅ ЗАШЛО",Z11="❌ НЕ ЗАШЛО"),L11<>""),(L11-IF(Z11="✅ ЗАШЛО",1,0))^2,"") | AK11: =IF(AH11="","",IF(ABS(AH11+AI11+AJ11-1)<0.000001,"OK","ОШИБКА")) | AQ11: =IF(A11="","",N(AQ10)+N(AA11)) | AR11: =IF(AQ11="","",MAX(0,MAX($AQ$8:AQ11))-AQ11)
O12: =IF(OR(L12="",L12=0),"",(1-M12)/L12) | T12: =IF(OR(S12="",L12=""),"",L12/(1-M12)-S12) | U12: =IF(OR(L12="",P12=""),"",L12*(P12-1)-N12) | AA12: =IF(K12<>"ВИРТУАЛЬНЫЙ ВЫБОР","",IF(Z12="✅ ЗАШЛО",W12*(P12-1),IF(Z12="❌ НЕ ЗАШЛО",-W12,IF(Z12="½ ЗАШЛО",W12*(P12-1)/2,IF(Z12="½ НЕ ЗАШЛО",-W12/2,IF(Z12="ВОЗВРАТ",0,"")))))) | AB12: =IF(AND(K12="ВИРТУАЛЬНЫЙ ВЫБОР",OR(Z12="✅ ЗАШЛО",Z12="❌ НЕ ЗАШЛО",Z12="½ ЗАШЛО",Z12="½ НЕ ЗАШЛО",Z12="ВОЗВРАТ")),W12,"") | AD12: =IF(OR(AC12="",P12=""),"",P12/AC12-1) | AE12: =IF(AND(M12=0,OR(Z12="✅ ЗАШЛО",Z12="❌ НЕ ЗАШЛО"),L12<>""),(L12-IF(Z12="✅ ЗАШЛО",1,0))^2,"") | AK12: =IF(AH12="","",IF(ABS(AH12+AI12+AJ12-1)<0.000001,"OK","ОШИБКА")) | AQ12: =IF(A12="","",N(AQ11)+N(AA12)) | AR12: =IF(AQ12="","",MAX(0,MAX($AQ$8:AQ12))-AQ12)
O13: =IF(OR(L13="",L13=0),"",(1-M13)/L13) | T13: =IF(OR(S13="",L13=""),"",L13/(1-M13)-S13) | U13: =IF(OR(L13="",P13=""),"",L13*(P13-1)-N13) | AA13: =IF(K13<>"ВИРТУАЛЬНЫЙ ВЫБОР","",IF(Z13="✅ ЗАШЛО",W13*(P13-1),IF(Z13="❌ НЕ ЗАШЛО",-W13,IF(Z13="½ ЗАШЛО",W13*(P13-1)/2,IF(Z13="½ НЕ ЗАШЛО",-W13/2,IF(Z13="ВОЗВРАТ",0,"")))))) | AB13: =IF(AND(K13="ВИРТУАЛЬНЫЙ ВЫБОР",OR(Z13="✅ ЗАШЛО",Z13="❌ НЕ ЗАШЛО",Z13="½ ЗАШЛО",Z13="½ НЕ ЗАШЛО",Z13="ВОЗВРАТ")),W13,"") | AD13: =IF(OR(AC13="",P13=""),"",P13/AC13-1) | AE13: =IF(AND(M13=0,OR(Z13="✅ ЗАШЛО",Z13="❌ НЕ ЗАШЛО"),L13<>""),(L13-IF(Z13="✅ ЗАШЛО",1,0))^2,"") | AK13: =IF(AH13="","",IF(ABS(AH13+AI13+AJ13-1)<0.000001,"OK","ОШИБКА")) | AQ13: =IF(A13="","",N(AQ12)+N(AA13)) | AR13: =IF(AQ13="","",MAX(0,MAX($AQ$8:AQ13))-AQ13)
O14: =IF(OR(L14="",L14=0),"",(1-M14)/L14) | T14: =IF(OR(S14="",L14=""),"",L14/(1-M14)-S14) | U14: =IF(OR(L14="",P14=""),"",L14*(P14-1)-N14) | AA14: =IF(K14<>"ВИРТУАЛЬНЫЙ ВЫБОР","",IF(Z14="✅ ЗАШЛО",W14*(P14-1),IF(Z14="❌ НЕ ЗАШЛО",-W14,IF(Z14="½ ЗАШЛО",W14*(P14-1)/2,IF(Z14="½ НЕ ЗАШЛО",-W14/2,IF(Z14="ВОЗВРАТ",0,"")))))) | AB14: =IF(AND(K14="ВИРТУАЛЬНЫЙ ВЫБОР",OR(Z14="✅ ЗАШЛО",Z14="❌ НЕ ЗАШЛО",Z14="½ ЗАШЛО",Z14="½ НЕ ЗАШЛО",Z14="ВОЗВРАТ")),W14,"") | AD14: =IF(OR(AC14="",P14=""),"",P14/AC14-1) | AE14: =IF(AND(M14=0,OR(Z14="✅ ЗАШЛО",Z14="❌ НЕ ЗАШЛО"),L14<>""),(L14-IF(Z14="✅ ЗАШЛО",1,0))^2,"") | AK14: =IF(AH14="","",IF(ABS(AH14+AI14+AJ14-1)<0.000001,"OK","ОШИБКА")) | AQ14: =IF(A14="","",N(AQ13)+N(AA14)) | AR14: =IF(AQ14="","",MAX(0,MAX($AQ$8:AQ14))-AQ14)
O15: =IF(OR(L15="",L15=0),"",(1-M15)/L15) | T15: =IF(OR(S15="",L15=""),"",L15/(1-M15)-S15) | U15: =IF(OR(L15="",P15=""),"",L15*(P15-1)-N15) | AA15: =IF(K15<>"ВИРТУАЛЬНЫЙ ВЫБОР","",IF(Z15="✅ ЗАШЛО",W15*(P15-1),IF(Z15="❌ НЕ ЗАШЛО",-W15,IF(Z15="½ ЗАШЛО",W15*(P15-1)/2,IF(Z15="½ НЕ ЗАШЛО",-W15/2,IF(Z15="ВОЗВРАТ",0,"")))))) | AB15: =IF(AND(K15="ВИРТУАЛЬНЫЙ ВЫБОР",OR(Z15="✅ ЗАШЛО",Z15="❌ НЕ ЗАШЛО",Z15="½ ЗАШЛО",Z15="½ НЕ ЗАШЛО",Z15="ВОЗВРАТ")),W15,"") | AD15: =IF(OR(AC15="",P15=""),"",P15/AC15-1) | AE15: =IF(AND(M15=0,OR(Z15="✅ ЗАШЛО",Z15="❌ НЕ ЗАШЛО"),L15<>""),(L15-IF(Z15="✅ ЗАШЛО",1,0))^2,"") | AK15: =IF(AH15="","",IF(ABS(AH15+AI15+AJ15-1)<0.000001,"OK","ОШИБКА")) | AQ15: =IF(A15="","",N(AQ14)+N(AA15)) | AR15: =IF(AQ15="","",MAX(0,MAX($AQ$8:AQ15))-AQ15)
O16: =IF(OR(L16="",L16=0),"",(1-M16)/L16) | T16: =IF(OR(S16="",L16=""),"",L16/(1-M16)-S16) | U16: =IF(OR(L16="",P16=""),"",L16*(P16-1)-N16) | AA16: =IF(K16<>"ВИРТУАЛЬНЫЙ ВЫБОР","",IF(Z16="✅ ЗАШЛО",W16*(P16-1),IF(Z16="❌ НЕ ЗАШЛО",-W16,IF(Z16="½ ЗАШЛО",W16*(P16-1)/2,IF(Z16="½ НЕ ЗАШЛО",-W16/2,IF(Z16="ВОЗВРАТ",0,"")))))) | AB16: =IF(AND(K16="ВИРТУАЛЬНЫЙ ВЫБОР",OR(Z16="✅ ЗАШЛО",Z16="❌ НЕ ЗАШЛО",Z16="½ ЗАШЛО",Z16="½ НЕ ЗАШЛО",Z16="ВОЗВРАТ")),W16,"") | AD16: =IF(OR(AC16="",P16=""),"",P16/AC16-1) | AE16: =IF(AND(M16=0,OR(Z16="✅ ЗАШЛО",Z16="❌ НЕ ЗАШЛО"),L16<>""),(L16-IF(Z16="✅ ЗАШЛО",1,0))^2,"") | AK16: =IF(AH16="","",IF(ABS(AH16+AI16+AJ16-1)<0.000001,"OK","ОШИБКА")) | AQ16: =IF(A16="","",N(AQ15)+N(AA16)) | AR16: =IF(AQ16="","",MAX(0,MAX($AQ$8:AQ16))-AQ16)
O17: =IF(OR(L17="",L17=0),"",(1-M17)/L17) | T17: =IF(OR(S17="",L17=""),"",L17/(1-M17)-S17) | U17: =IF(OR(L17="",P17=""),"",L17*(P17-1)-N17) | AA17: =IF(K17<>"ВИРТУАЛЬНЫЙ ВЫБОР","",IF(Z17="✅ ЗАШЛО",W17*(P17-1),IF(Z17="❌ НЕ ЗАШЛО",-W17,IF(Z17="½ ЗАШЛО",W17*(P17-1)/2,IF(Z17="½ НЕ ЗАШЛО",-W17/2,IF(Z17="ВОЗВРАТ",0,"")))))) | AB17: =IF(AND(K17="ВИРТУАЛЬНЫЙ ВЫБОР",OR(Z17="✅ ЗАШЛО",Z17="❌ НЕ ЗАШЛО",Z17="½ ЗАШЛО",Z17="½ НЕ ЗАШЛО",Z17="ВОЗВРАТ")),W17,"") | AD17: =IF(OR(AC17="",P17=""),"",P17/AC17-1) | AE17: =IF(AND(M17=0,OR(Z17="✅ ЗАШЛО",Z17="❌ НЕ ЗАШЛО"),L17<>""),(L17-IF(Z17="✅ ЗАШЛО",1,0))^2,"") | AK17: =IF(AH17="","",IF(ABS(AH17+AI17+AJ17-1)<0.000001,"OK","ОШИБКА")) | AQ17: =IF(A17="","",N(AQ16)+N(AA17)) | AR17: =IF(AQ17="","",MAX(0,MAX($AQ$8:AQ17))-AQ17)
O18: =IF(OR(L18="",L18=0),"",(1-M18)/L18) | T18: =IF(OR(S18="",L18=""),"",L18/(1-M18)-S18) | U18: =IF(OR(L18="",P18=""),"",L18*(P18-1)-N18) | AA18: =IF(K18<>"ВИРТУАЛЬНЫЙ ВЫБОР","",IF(Z18="✅ ЗАШЛО",W18*(P18-1),IF(Z18="❌ НЕ ЗАШЛО",-W18,IF(Z18="½ ЗАШЛО",W18*(P18-1)/2,IF(Z18="½ НЕ ЗАШЛО",-W18/2,IF(Z18="ВОЗВРАТ",0,"")))))) | AB18: =IF(AND(K18="ВИРТУАЛЬНЫЙ ВЫБОР",OR(Z18="✅ ЗАШЛО",Z18="❌ НЕ ЗАШЛО",Z18="½ ЗАШЛО",Z18="½ НЕ ЗАШЛО",Z18="ВОЗВРАТ")),W18,"") | AD18: =IF(OR(AC18="",P18=""),"",P18/AC18-1) | AE18: =IF(AND(M18=0,OR(Z18="✅ ЗАШЛО",Z18="❌ НЕ ЗАШЛО"),L18<>""),(L18-IF(Z18="✅ ЗАШЛО",1,0))^2,"") | AK18: =IF(AH18="","",IF(ABS(AH18+AI18+AJ18-1)<0.000001,"OK","ОШИБКА")) | AQ18: =IF(A18="","",N(AQ17)+N(AA18)) | AR18: =IF(AQ18="","",MAX(0,MAX($AQ$8:AQ18))-AQ18)
O19: =IF(OR(L19="",L19=0),"",(1-M19)/L19) | T19: =IF(OR(S19="",L19=""),"",L19/(1-M19)-S19) | U19: =IF(OR(L19="",P19=""),"",L19*(P19-1)-N19) | AA19: =IF(K19<>"ВИРТУАЛЬНЫЙ ВЫБОР","",IF(Z19="✅ ЗАШЛО",W19*(P19-1),IF(Z19="❌ НЕ ЗАШЛО",-W19,IF(Z19="½ ЗАШЛО",W19*(P19-1)/2,IF(Z19="½ НЕ ЗАШЛО",-W19/2,IF(Z19="ВОЗВРАТ",0,"")))))) | AB19: =IF(AND(K19="ВИРТУАЛЬНЫЙ ВЫБОР",OR(Z19="✅ ЗАШЛО",Z19="❌ НЕ ЗАШЛО",Z19="½ ЗАШЛО",Z19="½ НЕ ЗАШЛО",Z19="ВОЗВРАТ")),W19,"") | AD19: =IF(OR(AC19="",P19=""),"",P19/AC19-1) | AE19: =IF(AND(M19=0,OR(Z19="✅ ЗАШЛО",Z19="❌ НЕ ЗАШЛО"),L19<>""),(L19-IF(Z19="✅ ЗАШЛО",1,0))^2,"") | AK19: =IF(AH19="","",IF(ABS(AH19+AI19+AJ19-1)<0.000001,"OK","ОШИБКА")) | AQ19: =IF(A19="","",N(AQ18)+N(AA19)) | AR19: =IF(AQ19="","",MAX(0,MAX($AQ$8:AQ19))-AQ19)
O20: =IF(OR(L20="",L20=0),"",(1-M20)/L20) | T20: =IF(OR(S20="",L20=""),"",L20/(1-M20)-S20) | U20: =IF(OR(L20="",P20=""),"",L20*(P20-1)-N20) | AA20: =IF(K20<>"ВИРТУАЛЬНЫЙ ВЫБОР","",IF(Z20="✅ ЗАШЛО",W20*(P20-1),IF(Z20="❌ НЕ ЗАШЛО",-W20,IF(Z20="½ ЗАШЛО",W20*(P20-1)/2,IF(Z20="½ НЕ ЗАШЛО",-W20/2,IF(Z20="ВОЗВРАТ",0,"")))))) | AB20: =IF(AND(K20="ВИРТУАЛЬНЫЙ ВЫБОР",OR(Z20="✅ ЗАШЛО",Z20="❌ НЕ ЗАШЛО",Z20="½ ЗАШЛО",Z20="½ НЕ ЗАШЛО",Z20="ВОЗВРАТ")),W20,"") | AD20: =IF(OR(AC20="",P20=""),"",P20/AC20-1) | AE20: =IF(AND(M20=0,OR(Z20="✅ ЗАШЛО",Z20="❌ НЕ ЗАШЛО"),L20<>""),(L20-IF(Z20="✅ ЗАШЛО",1,0))^2,"") | AK20: =IF(AH20="","",IF(ABS(AH20+AI20+AJ20-1)<0.000001,"OK","ОШИБКА")) | AQ20: =IF(A20="","",N(AQ19)+N(AA20)) | AR20: =IF(AQ20="","",MAX(0,MAX($AQ$8:AQ20))-AQ20)
... O1000: =IF(OR(L1000="",L1000=0),"",(1-M1000)/L1000) | T1000: =IF(OR(S1000="",L1000=""),"",L1000/(1-M1000)-S1000) | U1000: =IF(OR(L1000="",P1000=""),"",L1000*(P1000-1)-N1000) | AA1000: =IF(K1000<>"ВИРТУАЛЬНЫЙ ВЫБОР","",IF(Z1000="✅ ЗАШЛО",W1000*(P1000-1),IF(Z1000="❌ НЕ ЗАШЛО",-W1000,IF(Z1000="½ ЗАШЛО",W1000*(P1000-1)/2,IF(Z1000="½ НЕ ЗАШЛО",-W1000/2,IF(Z1000="ВОЗВРАТ",0,"")))))) | AB1000: =IF(AND(K1000="ВИРТУАЛЬНЫЙ ВЫБОР",OR(Z1000="✅ ЗАШЛО",Z1000="❌ НЕ ЗАШЛО",Z1000="½ ЗАШЛО",Z1000="½ НЕ ЗАШЛО",Z1000="ВОЗВРАТ")),W1000,"") | AD1000: =IF(OR(AC1000="",P1000=""),"",P1000/AC1000-1) | AE1000: =IF(AND(M1000=0,OR(Z1000="✅ ЗАШЛО",Z1000="❌ НЕ ЗАШЛО"),L1000<>""),(L1000-IF(Z1000="✅ ЗАШЛО",1,0))^2,"") | AK1000: =IF(AH1000="","",IF(ABS(AH1000+AI1000+AJ1000-1)<0.000001,"OK","ОШИБКА")) | AQ1000: =IF(A1000="","",N(AQ999)+N(AA1000)) | AR1000: =IF(AQ1000="","",MAX(0,MAX($AQ$8:AQ1000))-AQ1000)

Sheet Настройки
A1: Параметр | B1: Значение | C1: Описание
A2: Начальный банк | B2: 10000 | C2: у.е.; один общий портфель (одна ставка на матч)
A3: Минимальный EV | B3: 0.03 | C3: точечный EV после пула с рынком
A4: Минимальный EV_low | B4: 0 | C4: консервативный EV (25-й перцентиль по неопределённости параметров)
A5: Макс. расхождение с рынком | B5: 0.05 | C5: |p_model − q_market| больше — проверять данные, не ставить
A6: Макс. коэффициент | B6: 4 | C6: длинные коэффициенты хуже откалиброваны
A7: Доля Келли | B7: 0.25 | C7: дробный Келли
A8: Потолок ставки | B8: 0.02 | C8: не больше 2% текущего банка
A9: Вес модели в пуле (w) | B9: 0.5 | C9: подбирается walk-forward бэктестом: python khl_model.py backtest
A10: Период полураспада, дней | B10: 240 | C10: подбирается: python khl_model.py tune
A11: Усадка команд (l2_team) | B11: 8 | C11: подбирается: python khl_model.py tune
A12: Версия модели | B12: v2.0 | C12: khl_model.py; при изменении — новая версия, старые строки не переписывать

Sheet Калибровка
A1: p_win от | B1: p_win до | C1: Ставок (бинарные, рассчитанные) | D1: Средняя p_win | E1: Факт: доля зашло | F1: Отклонение
A2: 0 | B2: 0.1 | C2: =COUNTIFS(KHL!$L$8:$L$1000,">="&A2,KHL!$L$8:$L$1000,"<"&B2,KHL!$AE$8:$AE$1000,"<>") -> 0 | D2: =IFERROR(AVERAGEIFS(KHL!$L$8:$L$1000,KHL!$L$8:$L$1000,">="&A2,KHL!$L$8:$L$1000,"<"&B2,KHL!$AE$8:$AE$1000,"<>"),"") | E2: =IFERROR(COUNTIFS(KHL!$L$8:$L$1000,">="&A2,KHL!$L$8:$L$1000,"<"&B2,KHL!$AE$8:$AE$1000,"<>",KHL!$Z$8:$Z$1000,"✅ ЗАШЛО")/C2,"") | F2: =IF(OR(D2="",E2=""),"",E2-D2)
A3: 0.1 | B3: 0.2 | C3: =COUNTIFS(KHL!$L$8:$L$1000,">="&A3,KHL!$L$8:$L$1000,"<"&B3,KHL!$AE$8:$AE$1000,"<>") -> 0 | D3: =IFERROR(AVERAGEIFS(KHL!$L$8:$L$1000,KHL!$L$8:$L$1000,">="&A3,KHL!$L$8:$L$1000,"<"&B3,KHL!$AE$8:$AE$1000,"<>"),"") | E3: =IFERROR(COUNTIFS(KHL!$L$8:$L$1000,">="&A3,KHL!$L$8:$L$1000,"<"&B3,KHL!$AE$8:$AE$1000,"<>",KHL!$Z$8:$Z$1000,"✅ ЗАШЛО")/C3,"") | F3: =IF(OR(D3="",E3=""),"",E3-D3)
A4: 0.2 | B4: 0.3 | C4: =COUNTIFS(KHL!$L$8:$L$1000,">="&A4,KHL!$L$8:$L$1000,"<"&B4,KHL!$AE$8:$AE$1000,"<>") -> 0 | D4: =IFERROR(AVERAGEIFS(KHL!$L$8:$L$1000,KHL!$L$8:$L$1000,">="&A4,KHL!$L$8:$L$1000,"<"&B4,KHL!$AE$8:$AE$1000,"<>"),"") | E4: =IFERROR(COUNTIFS(KHL!$L$8:$L$1000,">="&A4,KHL!$L$8:$L$1000,"<"&B4,KHL!$AE$8:$AE$1000,"<>",KHL!$Z$8:$Z$1000,"✅ ЗАШЛО")/C4,"") | F4: =IF(OR(D4="",E4=""),"",E4-D4)
A5: 0.3 | B5: 0.4 | C5: =COUNTIFS(KHL!$L$8:$L$1000,">="&A5,KHL!$L$8:$L$1000,"<"&B5,KHL!$AE$8:$AE$1000,"<>") -> 0 | D5: =IFERROR(AVERAGEIFS(KHL!$L$8:$L$1000,KHL!$L$8:$L$1000,">="&A5,KHL!$L$8:$L$1000,"<"&B5,KHL!$AE$8:$AE$1000,"<>"),"") | E5: =IFERROR(COUNTIFS(KHL!$L$8:$L$1000,">="&A5,KHL!$L$8:$L$1000,"<"&B5,KHL!$AE$8:$AE$1000,"<>",KHL!$Z$8:$Z$1000,"✅ ЗАШЛО")/C5,"") | F5: =IF(OR(D5="",E5=""),"",E5-D5)
A6: 0.4 | B6: 0.5 | C6: =COUNTIFS(KHL!$L$8:$L$1000,">="&A6,KHL!$L$8:$L$1000,"<"&B6,KHL!$AE$8:$AE$1000,"<>") -> 0 | D6: =IFERROR(AVERAGEIFS(KHL!$L$8:$L$1000,KHL!$L$8:$L$1000,">="&A6,KHL!$L$8:$L$1000,"<"&B6,KHL!$AE$8:$AE$1000,"<>"),"") | E6: =IFERROR(COUNTIFS(KHL!$L$8:$L$1000,">="&A6,KHL!$L$8:$L$1000,"<"&B6,KHL!$AE$8:$AE$1000,"<>",KHL!$Z$8:$Z$1000,"✅ ЗАШЛО")/C6,"") | F6: =IF(OR(D6="",E6=""),"",E6-D6)
A7: 0.5 | B7: 0.6 | C7: =COUNTIFS(KHL!$L$8:$L$1000,">="&A7,KHL!$L$8:$L$1000,"<"&B7,KHL!$AE$8:$AE$1000,"<>") -> 1 | D7: =IFERROR(AVERAGEIFS(KHL!$L$8:$L$1000,KHL!$L$8:$L$1000,">="&A7,KHL!$L$8:$L$1000,"<"&B7,KHL!$AE$8:$AE$1000,"<>"),"") -> 0.512 | E7: =IFERROR(COUNTIFS(KHL!$L$8:$L$1000,">="&A7,KHL!$L$8:$L$1000,"<"&B7,KHL!$AE$8:$AE$1000,"<>",KHL!$Z$8:$Z$1000,"✅ ЗАШЛО")/C7,"") -> 1 | F7: =IF(OR(D7="",E7=""),"",E7-D7) -> 0.488
A8: 0.6 | B8: 0.7 | C8: =COUNTIFS(KHL!$L$8:$L$1000,">="&A8,KHL!$L$8:$L$1000,"<"&B8,KHL!$AE$8:$AE$1000,"<>") -> 0 | D8: =IFERROR(AVERAGEIFS(KHL!$L$8:$L$1000,KHL!$L$8:$L$1000,">="&A8,KHL!$L$8:$L$1000,"<"&B8,KHL!$AE$8:$AE$1000,"<>"),"") | E8: =IFERROR(COUNTIFS(KHL!$L$8:$L$1000,">="&A8,KHL!$L$8:$L$1000,"<"&B8,KHL!$AE$8:$AE$1000,"<>",KHL!$Z$8:$Z$1000,"✅ ЗАШЛО")/C8,"") | F8: =IF(OR(D8="",E8=""),"",E8-D8)
A9: 0.7 | B9: 0.8 | C9: =COUNTIFS(KHL!$L$8:$L$1000,">="&A9,KHL!$L$8:$L$1000,"<"&B9,KHL!$AE$8:$AE$1000,"<>") -> 0 | D9: =IFERROR(AVERAGEIFS(KHL!$L$8:$L$1000,KHL!$L$8:$L$1000,">="&A9,KHL!$L$8:$L$1000,"<"&B9,KHL!$AE$8:$AE$1000,"<>"),"") | E9: =IFERROR(COUNTIFS(KHL!$L$8:$L$1000,">="&A9,KHL!$L$8:$L$1000,"<"&B9,KHL!$AE$8:$AE$1000,"<>",KHL!$Z$8:$Z$1000,"✅ ЗАШЛО")/C9,"") | F9: =IF(OR(D9="",E9=""),"",E9-D9)
A10: 0.8 | B10: 0.9 | C10: =COUNTIFS(KHL!$L$8:$L$1000,">="&A10,KHL!$L$8:$L$1000,"<"&B10,KHL!$AE$8:$AE$1000,"<>") -> 0 | D10: =IFERROR(AVERAGEIFS(KHL!$L$8:$L$1000,KHL!$L$8:$L$1000,">="&A10,KHL!$L$8:$L$1000,"<"&B10,KHL!$AE$8:$AE$1000,"<>"),"") | E10: =IFERROR(COUNTIFS(KHL!$L$8:$L$1000,">="&A10,KHL!$L$8:$L$1000,"<"&B10,KHL!$AE$8:$AE$1000,"<>",KHL!$Z$8:$Z$1000,"✅ ЗАШЛО")/C10,"") | F10: =IF(OR(D10="",E10=""),"",E10-D10)
A11: 0.9 | B11: 1 | C11: =COUNTIFS(KHL!$L$8:$L$1000,">="&A11,KHL!$L$8:$L$1000,"<"&B11,KHL!$AE$8:$AE$1000,"<>") -> 0 | D11: =IFERROR(AVERAGEIFS(KHL!$L$8:$L$1000,KHL!$L$8:$L$1000,">="&A11,KHL!$L$8:$L$1000,"<"&B11,KHL!$AE$8:$AE$1000,"<>"),"") | E11: =IFERROR(COUNTIFS(KHL!$L$8:$L$1000,">="&A11,KHL!$L$8:$L$1000,"<"&B11,KHL!$AE$8:$AE$1000,"<>",KHL!$Z$8:$Z$1000,"✅ ЗАШЛО")/C11,"") | F11: =IF(OR(D11="",E11=""),"",E11-D11)
A13: Хорошая калибровка: отклонения в пределах шума (при n<30 в корзине не делайте выводов).

Sheet Легенда
A1: Как заполнять
A2: Синий шрифт — ввод (из файлов predictions_*.csv и bets_*.csv, которые создаёт khl_model.py predict).
A3: Чёрный шрифт — формулы: Fair, Преимущество, EV, P&L, Оборот, CLV, Brier, проверка П1+Х+П2, просадка. Не перезаписывать.
A4: Зелёный — ссылка на лист Настройки.
A5: Одна строка = один контракт. В портфель идёт максимум один ВИРТУАЛЬНЫЙ ВЫБОР на матч; остальное — НАБЛЮДЕНИЕ.
A6: Ставка = доля Келли × банк, не больше потолка из Настроек (берётся из колонки stake в bets_*.csv).
A7: Кэф закрытия вносите перед стартовым вбрасыванием — без него нет CLV.
A8: Результат выбирайте из списка; цвет ставится автоматически.
A9: Старые строки не переписывать: новая версия модели = новые строки с новой версией.
